,damage,water_level,oil_level,is_ice,is_flaming,is_steaming,is_charged,atk_spd,atk_range,duration,level,attack_scr,sprite,is_visible,move_spd,knockback,can_stun,can_ignite,can_poison,can_freeze,can_slow,spell_type,health_drain,mana_drain
goblin_thug,1,0,0,FALSE,FALSE,FALSE,FALSE,0.5,40,-1,1,scr_attack_goblin_thug,spr_attack_melee_sword,TRUE,-1,-1,-1,-1,-1,-1,-1,MELEE,-1,-1
goblin_brute,3,0,0,FALSE,FALSE,FALSE,FALSE,1,40,-1,1,scr_attack_goblin_brute,spr_attack_melee_sword,TRUE,-1,-1,-1,-1,-1,-1,-1,MELEE,-1,-1
goblin_slinger,1,0,0,FALSE,FALSE,FALSE,FALSE,1,150,10,1,scr_attack_goblin_slinger,spr_attack_rock,TRUE,6,-1,-1,-1,-1,-1,-1,PROJECTILE,-1,-1
goblin_bat,1,0,0,FALSE,FALSE,FALSE,FALSE,0.5,40,-1,1,scr_attack_goblin_bat,spr_attack_melee_default,FALSE,-1,-1,-1,-1,-1,-1,-1,MELEE,-1,-1
firebolt,1,0,0,FALSE,TRUE,FALSE,FALSE,0,200,10,1,scr_attack_enemy_firebolt,spr_spell_firebolt,TRUE,6,-1,-1,-1,-1,-1,-1,PROJECTILE,-1,-1
icicle,1,1,0,TRUE,FALSE,FALSE,FALSE,0,200,10,1,scr_attack_enemy_icicle,spr_spell_icicle,TRUE,6,-1,-1,-1,-1,-1,-1,PROJECTILE,-1,-1
jolt,1,0,0,FALSE,FALSE,FALSE,TRUE,0,200,10,1,scr_attack_enemy_jolt,spr_spell_jolt,TRUE,6,-1,-1,-1,-1,-1,-1,PROJECTILE,-1,-1
water_splash,1,1,0,FALSE,FALSE,FALSE,FALSE,0,200,10,1,scr_attack_enemy_water_splash,spr_spell_water_splash,TRUE,6,-1,-1,-1,-1,-1,-1,PROJECTILE,-1,-1
oil_splash,1,0,1,FALSE,FALSE,FALSE,FALSE,0,200,10,1,scr_attack_enemy_oil_splash,spr_spell_oil_splash,TRUE,6,-1,-1,-1,-1,-1,-1,PROJECTILE,-1,-1
